<?xml version="1.0" encoding="utf-8" ?>
<dwsync>
<file name="jquery-3.3.1.js" server="subin1810.dothome.co.kr/html/" local="131719422996052069" remote="131725137000000000" Dst="0" />
<file name="jquery-3.3.1.js" server="subin9192.dothome.co.kr/html/" local="131719422996052069" remote="131719098600000000" Dst="0" />
<file name="jquery-3.3.1.js" server="subin0724.dothome.co.kr/html/" local="131719422996052069" remote="131719104600000000" Dst="0" />
<file name="popup.js" server="subin1810.dothome.co.kr/html/" local="131726347614954679" remote="131726025000000000" Dst="0" />
<file name="jQueryRotateCompressed.2.2.js" server="subin1810.dothome.co.kr/html/" local="131726317379412072" remote="131726025600000000" Dst="0" />
<file name="jquery-ui.js" server="subin1810.dothome.co.kr/html/" local="131710774580000000" remote="131726025600000000" Dst="0" />
<file name="daewon.js" server="subin1810.dothome.co.kr/html/" local="131767799480576576" remote="131767595400000000" Dst="0" />
<file name="sub_map.js" server="subin1810.dothome.co.kr/html/" local="131728110227344794" remote="131727789000000000" Dst="0" />
<file name="isotope.pkgd.min.js" server="subin1810.dothome.co.kr/html/" local="131692601900000000" remote="131727765000000000" Dst="0" />
<file name="TweenMax.js" server="subin1810.dothome.co.kr/html/" local="131721223720000000" remote="131767595400000000" Dst="0" />
</dwsync>