<?xml version="1.0" encoding="utf-8" ?>
<dwsync>
<file name="bbabbuya.jpg" server="subin0724.dothome.co.kr/html/" local="131719422974227069" remote="131720114400000000" Dst="0" />
<file name="blog.png" server="subin0724.dothome.co.kr/html/" local="131719422974127069" remote="131720114400000000" Dst="0" />
<file name="business1.png" server="subin0724.dothome.co.kr/html/" local="131719422974627069" remote="131720114400000000" Dst="0" />
<file name="business2.png" server="subin0724.dothome.co.kr/html/" local="131719422974727069" remote="131720114400000000" Dst="0" />
<file name="business3.png" server="subin0724.dothome.co.kr/html/" local="131719422974827069" remote="131720114400000000" Dst="0" />
<file name="business4.png" server="subin0724.dothome.co.kr/html/" local="131719422974927069" remote="131720114400000000" Dst="0" />
<file name="business5.png" server="subin0724.dothome.co.kr/html/" local="131719422975027069" remote="131720114400000000" Dst="0" />
<file name="business6.png" server="subin0724.dothome.co.kr/html/" local="131719422975127069" remote="131720114400000000" Dst="0" />
<file name="business7.png" server="subin0724.dothome.co.kr/html/" local="131719422975227069" remote="131720114400000000" Dst="0" />
<file name="chain-1.png" server="subin0724.dothome.co.kr/html/" local="131719422975527069" remote="131720114400000000" Dst="0" />
<file name="doraemon.jpg" server="subin0724.dothome.co.kr/html/" local="131719422976727069" remote="131720114400000000" Dst="0" />
<file name="dragonball.jpg" server="subin0724.dothome.co.kr/html/" local="131719422976827069" remote="131720114400000000" Dst="0" />
<file name="elipse1-left.png" server="subin0724.dothome.co.kr/html/" local="131719422977027069" remote="131720114400000000" Dst="0" />
<file name="chain.jpg" server="subin0724.dothome.co.kr/html/" local="131719422976227069" remote="131720114400000000" Dst="0" />
<file name="elipse1-right.png" server="subin0724.dothome.co.kr/html/" local="131719422977227069" remote="131720114400000000" Dst="0" />
<file name="elipse2-left.png" server="subin0724.dothome.co.kr/html/" local="131719422977327069" remote="131720114400000000" Dst="0" />
<file name="elipse2-right.png" server="subin0724.dothome.co.kr/html/" local="131719422977587069" remote="131720114400000000" Dst="0" />
<file name="event-text-1.png" server="subin0724.dothome.co.kr/html/" local="131719422977924569" remote="131720114400000000" Dst="0" />
<file name="event-text-3.png" server="subin0724.dothome.co.kr/html/" local="131719422978387069" remote="131720114400000000" Dst="0" />
<file name="event1.png" server="subin0724.dothome.co.kr/html/" local="131719422978512069" remote="131720114400000000" Dst="0" />
<file name="event2.png" server="subin0724.dothome.co.kr/html/" local="131719422978874569" remote="131720114400000000" Dst="0" />
<file name="event3.png" server="subin0724.dothome.co.kr/html/" local="131719422979074569" remote="131720114400000000" Dst="0" />
<file name="facebook.png" server="subin0724.dothome.co.kr/html/" local="131719422979174569" remote="131720114400000000" Dst="0" />
<file name="event-text-2.png" server="subin0724.dothome.co.kr/html/" local="131719422978824569" remote="131720114400000000" Dst="0" />
<file name="gamen-rider.jpg" server="subin0724.dothome.co.kr/html/" local="131719422981412069" remote="131720114400000000" Dst="0" />
<file name="gm_power_Dash.png" server="subin0724.dothome.co.kr/html/" local="131719469824432636" remote="131720114400000000" Dst="0" />
<file name="game_zzang.png" server="subin0724.dothome.co.kr/html/" local="131719469553282636" remote="131720114400000000" Dst="0" />
<file name="gm_gon.png" server="subin0724.dothome.co.kr/html/" local="131719469687712636" remote="131720114400000000" Dst="0" />
<file name="gon-game.jpg" server="subin0724.dothome.co.kr/html/" local="131720436643591171" remote="131720114400000000" Dst="0" />
<file name="gon.jpg" server="subin0724.dothome.co.kr/html/" local="131719422981874569" remote="131720114400000000" Dst="0" />
<file name="gm_power_online.png" server="subin0724.dothome.co.kr/html/" local="131719469927462636" remote="131720114400000000" Dst="0" />
<file name="gm_zzang_online.png" server="subin0724.dothome.co.kr/html/" local="131719469356372636" remote="131720114400000000" Dst="0" />
<file name="heroaca.jpg" server="subin0724.dothome.co.kr/html/" local="131719422981999569" remote="131720114400000000" Dst="0" />
<file name="hoby.jpg" server="subin0724.dothome.co.kr/html/" local="131719422982099569" remote="131720114400000000" Dst="0" />
<file name="GON_BN.jpg" server="subin0724.dothome.co.kr/html/" local="131719422973527069" remote="131720114400000000" Dst="0" />
<file name="instagram.png" server="subin0724.dothome.co.kr/html/" local="131719422984149569" remote="131720114400000000" Dst="0" />
<file name="logo.png" server="subin0724.dothome.co.kr/html/" local="131719422984487069" remote="131720114400000000" Dst="0" />
<file name="nunbori.jpg" server="subin0724.dothome.co.kr/html/" local="131719422985137069" remote="131720114400000000" Dst="0" />
<file name="main_news_20180212.png" server="subin0724.dothome.co.kr/html/" local="131719422985324569" remote="131720114400000000" Dst="0" />
<file name="iconkid.png" server="subin0724.dothome.co.kr/html/" local="131719422994467069" remote="131720114400000000" Dst="0" />
<file name="onepiece.jpg" server="subin0724.dothome.co.kr/html/" local="131719422993704569" remote="131720114400000000" Dst="0" />
<file name="photo_500x295_01.png" server="subin0724.dothome.co.kr/html/" local="131719422985224569" remote="131720114400000000" Dst="0" />
<file name="photo_500x295_02.png" server="subin0724.dothome.co.kr/html/" local="131719422985912069" remote="131720114400000000" Dst="0" />
<file name="photo_500x295_20180214.png" server="subin0724.dothome.co.kr/html/" local="131719422985987069" remote="131720114400000000" Dst="0" />
<file name="power-dash.jpg" server="subin0724.dothome.co.kr/html/" local="131720436754423171" remote="131720114400000000" Dst="0" />
<file name="power-right.jpg" server="subin0724.dothome.co.kr/html/" local="131720436860085171" remote="131720114400000000" Dst="0" />
<file name="powerranger.jpg" server="subin0724.dothome.co.kr/html/" local="131719422994767069" remote="131720114400000000" Dst="0" />
<file name="popcond_BN_popcobd.jpg" server="subin0724.dothome.co.kr/html/" local="131719422986262069" remote="131720114400000000" Dst="0" />
<file name="search-1.png" server="subin0724.dothome.co.kr/html/" local="131719422986762069" remote="131720114400000000" Dst="0" />
<file name="pricure.jpg" server="subin0724.dothome.co.kr/html/" local="131719422994829569" remote="131720114400000000" Dst="0" />
<file name="search.png" server="subin0724.dothome.co.kr/html/" local="131719422987549569" remote="131720114400000000" Dst="0" />
<file name="shine-1.png" server="subin0724.dothome.co.kr/html/" local="131719422987737069" remote="131720114400000000" Dst="0" />
<file name="shine.png" server="subin0724.dothome.co.kr/html/" local="131719422987842069" remote="131720114400000000" Dst="0" />
<file name="PowerRangers_BN-1.jpg" server="subin0724.dothome.co.kr/html/" local="131719422973927069" remote="131720114400000000" Dst="0" />
<file name="switch_BN-1.jpg" server="subin0724.dothome.co.kr/html/" local="131719422992042069" remote="131720114400000000" Dst="0" />
<file name="uhiwang.jpg" server="subin0724.dothome.co.kr/html/" local="131719422993879569" remote="131720114400000000" Dst="0" />
<file name="youtube.png" server="subin0724.dothome.co.kr/html/" local="131719422993517069" remote="131720114400000000" Dst="0" />
<file name="uparu.jpg" server="subin0724.dothome.co.kr/html/" local="131719422992404569" remote="131720114400000000" Dst="0" />
<file name="zzanggu-right.jpg" server="subin0724.dothome.co.kr/html/" local="131720436569763171" remote="131720114400000000" Dst="0" />
<file name="tenkainight.png" server="subin0724.dothome.co.kr/html/" local="131719422995142069" remote="131720114400000000" Dst="0" />
<file name="zzanggu-game.jpg" server="subin0724.dothome.co.kr/html/" local="131720436469287670" remote="131720114400000000" Dst="0" />
<file name="zzanggu.jpg" server="subin0724.dothome.co.kr/html/" local="131719422994517069" remote="131720114400000000" Dst="0" />
<file name="blog.png" server="subin1810.dothome.co.kr/html/" local="131719422974127069" remote="131722604400000000" Dst="0" />
<file name="bbabbuya.jpg" server="subin1810.dothome.co.kr/html/" local="131719422974227069" remote="131762508000000000" Dst="0" />
<file name="business1.png" server="subin1810.dothome.co.kr/html/" local="131719422974627069" remote="131722604400000000" Dst="0" />
<file name="business2.png" server="subin1810.dothome.co.kr/html/" local="131719422974727069" remote="131722604400000000" Dst="0" />
<file name="business3.png" server="subin1810.dothome.co.kr/html/" local="131719422974827069" remote="131722604400000000" Dst="0" />
<file name="business4.png" server="subin1810.dothome.co.kr/html/" local="131719422974927069" remote="131722604400000000" Dst="0" />
<file name="business5.png" server="subin1810.dothome.co.kr/html/" local="131719422975027069" remote="131722604400000000" Dst="0" />
<file name="business6.png" server="subin1810.dothome.co.kr/html/" local="131719422975127069" remote="131722604400000000" Dst="0" />
<file name="business7.png" server="subin1810.dothome.co.kr/html/" local="131719422975227069" remote="131722604400000000" Dst="0" />
<file name="chain-1.png" server="subin1810.dothome.co.kr/html/" local="131719422975527069" remote="131726025600000000" Dst="0" />
<file name="dragonball.jpg" server="subin1810.dothome.co.kr/html/" local="131719422976827069" remote="131762508000000000" Dst="0" />
<file name="doraemon.jpg" server="subin1810.dothome.co.kr/html/" local="131719422976727069" remote="131762508000000000" Dst="0" />
<file name="elipse1-left.png" server="subin1810.dothome.co.kr/html/" local="131719422977027069" remote="131722604400000000" Dst="0" />
<file name="elipse1-right.png" server="subin1810.dothome.co.kr/html/" local="131719422977227069" remote="131722604400000000" Dst="0" />
<file name="chain.jpg" server="subin1810.dothome.co.kr/html/" local="131719422976227069" remote="131722604400000000" Dst="0" />
<file name="elipse2-left.png" server="subin1810.dothome.co.kr/html/" local="131719422977327069" remote="131726025600000000" Dst="0" />
<file name="elipse2-right.png" server="subin1810.dothome.co.kr/html/" local="131719422977587069" remote="131726025600000000" Dst="0" />
<file name="event-text-1.png" server="subin1810.dothome.co.kr/html/" local="131719422977924569" remote="131722604400000000" Dst="0" />
<file name="event-text-3.png" server="subin1810.dothome.co.kr/html/" local="131719422978387069" remote="131722604400000000" Dst="0" />
<file name="event1.png" server="subin1810.dothome.co.kr/html/" local="131719422978512069" remote="131722604400000000" Dst="0" />
<file name="event2.png" server="subin1810.dothome.co.kr/html/" local="131719422978874569" remote="131722604400000000" Dst="0" />
<file name="event3.png" server="subin1810.dothome.co.kr/html/" local="131719422979074569" remote="131722604400000000" Dst="0" />
<file name="event-text-2.png" server="subin1810.dothome.co.kr/html/" local="131719422978824569" remote="131722604400000000" Dst="0" />
<file name="facebook.png" server="subin1810.dothome.co.kr/html/" local="131719422979174569" remote="131722604400000000" Dst="0" />
<file name="gamen-rider.jpg" server="subin1810.dothome.co.kr/html/" local="131719422981412069" remote="131726025600000000" Dst="0" />
<file name="gm_gon.png" server="subin1810.dothome.co.kr/html/" local="131719469687712636" remote="131722604400000000" Dst="0" />
<file name="gm_power_Dash.png" server="subin1810.dothome.co.kr/html/" local="131719469824432636" remote="131722604400000000" Dst="0" />
<file name="game_zzang.png" server="subin1810.dothome.co.kr/html/" local="131719469553282636" remote="131722604400000000" Dst="0" />
<file name="gon-game.jpg" server="subin1810.dothome.co.kr/html/" local="131720436643591171" remote="131722604400000000" Dst="0" />
<file name="gon.jpg" server="subin1810.dothome.co.kr/html/" local="131719422981874569" remote="131726025600000000" Dst="0" />
<file name="gm_power_online.png" server="subin1810.dothome.co.kr/html/" local="131719469927462636" remote="131722604400000000" Dst="0" />
<file name="gm_zzang_online.png" server="subin1810.dothome.co.kr/html/" local="131719469356372636" remote="131722604400000000" Dst="0" />
<file name="heroaca.jpg" server="subin1810.dothome.co.kr/html/" local="131719422981999569" remote="131726025600000000" Dst="0" />
<file name="hoby.jpg" server="subin1810.dothome.co.kr/html/" local="131719422982099569" remote="131726025600000000" Dst="0" />
<file name="GON_BN.jpg" server="subin1810.dothome.co.kr/html/" local="131719422973527069" remote="131726025600000000" Dst="0" />
<file name="instagram.png" server="subin1810.dothome.co.kr/html/" local="131719422984149569" remote="131722604400000000" Dst="0" />
<file name="logo.png" server="subin1810.dothome.co.kr/html/" local="131719422984487069" remote="131762508000000000" Dst="0" />
<file name="nunbori.jpg" server="subin1810.dothome.co.kr/html/" local="131719422985137069" remote="131725137000000000" Dst="0" />
<file name="main_news_20180212.png" server="subin1810.dothome.co.kr/html/" local="131719422985324569" remote="131722604400000000" Dst="0" />
<file name="onepiece.jpg" server="subin1810.dothome.co.kr/html/" local="131719422993704569" remote="131726025600000000" Dst="0" />
<file name="iconkid.png" server="subin1810.dothome.co.kr/html/" local="131719422994467069" remote="131722604400000000" Dst="0" />
<file name="photo_500x295_01.png" server="subin1810.dothome.co.kr/html/" local="131719422985224569" remote="131762508000000000" Dst="0" />
<file name="photo_500x295_02.png" server="subin1810.dothome.co.kr/html/" local="131719422985912069" remote="131762508000000000" Dst="0" />
<file name="photo_500x295_20180214.png" server="subin1810.dothome.co.kr/html/" local="131719422985987069" remote="131762508000000000" Dst="0" />
<file name="power-dash.jpg" server="subin1810.dothome.co.kr/html/" local="131720436754423171" remote="131722604400000000" Dst="0" />
<file name="power-right.jpg" server="subin1810.dothome.co.kr/html/" local="131720436860085171" remote="131722604400000000" Dst="0" />
<file name="popcond_BN_popcobd.jpg" server="subin1810.dothome.co.kr/html/" local="131719422986262069" remote="131726025600000000" Dst="0" />
<file name="powerranger.jpg" server="subin1810.dothome.co.kr/html/" local="131719422994767069" remote="131726025600000000" Dst="0" />
<file name="search-1.png" server="subin1810.dothome.co.kr/html/" local="131719422986762069" remote="131726025600000000" Dst="0" />
<file name="pricure.jpg" server="subin1810.dothome.co.kr/html/" local="131719422994829569" remote="131762508000000000" Dst="0" />
<file name="search.png" server="subin1810.dothome.co.kr/html/" local="131719422987549569" remote="131722604400000000" Dst="0" />
<file name="shine-1.png" server="subin1810.dothome.co.kr/html/" local="131719422987737069" remote="131722604400000000" Dst="0" />
<file name="shine.png" server="subin1810.dothome.co.kr/html/" local="131719422987842069" remote="131722604400000000" Dst="0" />
<file name="PowerRangers_BN-1.jpg" server="subin1810.dothome.co.kr/html/" local="131719422973927069" remote="131726025600000000" Dst="0" />
<file name="switch_BN-1.jpg" server="subin1810.dothome.co.kr/html/" local="131719422992042069" remote="131726025600000000" Dst="0" />
<file name="uhiwang.jpg" server="subin1810.dothome.co.kr/html/" local="131719422993879569" remote="131726025600000000" Dst="0" />
<file name="youtube.png" server="subin1810.dothome.co.kr/html/" local="131719422993517069" remote="131722604400000000" Dst="0" />
<file name="uparu.jpg" server="subin1810.dothome.co.kr/html/" local="131719422992404569" remote="131726025600000000" Dst="0" />
<file name="zzanggu-game.jpg" server="subin1810.dothome.co.kr/html/" local="131720436469287670" remote="131722604400000000" Dst="0" />
<file name="zzanggu-right.jpg" server="subin1810.dothome.co.kr/html/" local="131720436569763171" remote="131722604400000000" Dst="0" />
<file name="tenkainight.png" server="subin1810.dothome.co.kr/html/" local="131719422995142069" remote="131726025600000000" Dst="0" />
<file name="zzanggu.jpg" server="subin1810.dothome.co.kr/html/" local="131719422994517069" remote="131722604400000000" Dst="0" />
<file name="fancy_close.png" server="subin1810.dothome.co.kr/html/" local="131710774500000000" remote="131726025600000000" Dst="0" />
<file name="1.png" server="subin1810.dothome.co.kr/html/" local="131728233042744664" remote="131727930600000000" Dst="0" />
<file name="5.jpg" server="subin1810.dothome.co.kr/html/" local="131728232695296664" remote="131727930600000000" Dst="0" />
<file name="3.png" server="subin1810.dothome.co.kr/html/" local="131728234480164170" remote="131727930600000000" Dst="0" />
<file name="4.png" server="subin1810.dothome.co.kr/html/" local="131728233293312665" remote="131727930600000000" Dst="0" />
<file name="m_ghibli-4.png" server="subin1810.dothome.co.kr/html/" local="131728234906242171" remote="131727930600000000" Dst="0" />
<file name="m_doora_woojoo.png" server="subin1810.dothome.co.kr/html/" local="131728233183026665" remote="131727930600000000" Dst="0" />
<file name="m_ghibli-11.png" server="subin1810.dothome.co.kr/html/" local="131728235178030171" remote="131727930600000000" Dst="0" />
<file name="m_ghibli-16.png" server="subin1810.dothome.co.kr/html/" local="131728234837762170" remote="131727930600000000" Dst="0" />
<file name="m_power_gamyun.png" server="subin1810.dothome.co.kr/html/" local="131728234365580169" remote="131727930600000000" Dst="0" />
<file name="m_power_gobuster.png" server="subin1810.dothome.co.kr/html/" local="131728233466294665" remote="131727930600000000" Dst="0" />
<file name="box-arrow-l.png" server="subin1810.dothome.co.kr/html/" local="131719422974427069" remote="131767595400000000" Dst="0" />
<file name="box-arrow-r.png" server="subin1810.dothome.co.kr/html/" local="131719422974327069" remote="131767595400000000" Dst="0" />
<file name="power-event.jpg" server="subin1810.dothome.co.kr/html/" local="131721200459747219" remote="131767595400000000" Dst="0" />
<file name="m_zzang_24.png" server="subin1810.dothome.co.kr/html/" local="131728234599062170" remote="131767595400000000" Dst="0" />
</dwsync>