<?xml version="1.0" encoding="utf-8" ?>
<dwsync>
<file name="index.html" server="subin0724.dothome.co.kr/html/" local="131721161838071168" remote="131722581000000000" Dst="0" />
<file name="board.html" server="subin0724.dothome.co.kr/html/" local="131721232924767219" remote="131722581000000000" Dst="0" />
<file name="footer.html" server="subin0724.dothome.co.kr/html/" local="131721168034929698" remote="131722581000000000" Dst="0" />
<file name="header.html" server="subin0724.dothome.co.kr/html/" local="131721167895295697" remote="131722581000000000" Dst="0" />
<file name="login.html" server="subin0724.dothome.co.kr/html/" local="131722119254809628" remote="131722581000000000" Dst="0" />
<file name="board.html" server="subin1810.dothome.co.kr/html/" local="131728285233524274" remote="131727961200000000" Dst="0" />
<file name="footer.html" server="subin1810.dothome.co.kr/html/" local="131722932952495214" remote="131726025600000000" Dst="0" />
<file name="header.html" server="subin1810.dothome.co.kr/html/" local="131728910149731024" remote="131728585800000000" Dst="0" />
<file name="index.html" server="subin1810.dothome.co.kr/html/" local="131767799216076576" remote="131767595400000000" Dst="0" />
<file name="login.html" server="subin1810.dothome.co.kr/html/" local="131725455046780012" remote="131726025600000000" Dst="0" />
<file name="sub_style.html" server="subin1810.dothome.co.kr/html/" local="131729118126934401" remote="131767595400000000" Dst="0" />
<file name="gallery.html" server="subin1810.dothome.co.kr/html/" local="131728282529214274" remote="131727958200000000" Dst="0" />
<file name="sub_map.html" server="subin1810.dothome.co.kr/html/" local="131728114711031808" remote="131727790800000000" Dst="0" />
</dwsync>